policy,age_mode,extra_delay,seed,pre_wAoI,post_wAoI,post_age_mae,post_age_bias,post_max_avg_power,max_queue,finite_window_bound,bound_ok,certificate_ok
Conservative-AoI Bayes-Safe,conservative,2,0,322.29117647058825,683.975,1.972250000000001,1.972250000000001,0.3775267249444843,23.99972645418843,0.41200000000000003,True,True
Conservative-AoI Bayes-Safe,conservative,2,1,279.5529411764706,512.677,1.9899166666666648,1.9899166666666648,0.3779145899656216,23.96160375962647,0.41200000000000003,True,True
Conservative-AoI Bayes-Safe,conservative,2,2,260.0276470588235,489.0525,1.9880000000000002,1.9880000000000002,0.3618055092098192,23.99851152606237,0.41200000000000003,True,True
Conservative-AoI Bayes-Safe,conservative,2,3,291.29470588235296,476.225,1.9991249999999987,1.9991249999999987,0.35932888488423637,23.977359484221974,0.41200000000000003,True,True
Conservative-AoI Bayes-Safe,conservative,2,4,290.73117647058825,536.535,1.9744583333333308,1.9744583333333308,0.3308963724911807,23.98350739927309,0.41200000000000003,True,True
Conservative-AoI Bayes-Safe,conservative,4,0,408.1029411764706,743.2545,3.9743749999999958,3.9743749999999958,0.36077258034635606,23.993016148125186,0.41200000000000003,True,True
Conservative-AoI Bayes-Safe,conservative,4,1,366.40764705882356,633.3475,3.963291666666668,3.963291666666668,0.3563518956432591,23.99825509962213,0.41200000000000003,True,True
Conservative-AoI Bayes-Safe,conservative,4,2,327.4688235294118,661.04,3.9290833333333324,3.9290833333333324,0.32172525818956976,23.992513511412785,0.41200000000000003,True,True
Conservative-AoI Bayes-Safe,conservative,4,3,362.76941176470586,562.4695,3.996333333333334,3.996333333333334,0.3312563157526555,23.877891745626588,0.41200000000000003,True,True
Conservative-AoI Bayes-Safe,conservative,4,4,347.7629411764706,650.222,3.9382916666666765,3.9382916666666765,0.3277747085997545,23.985446396097988,0.41200000000000003,True,True
Conservative-AoI Bayes-Safe,conservative,8,0,511.7323529411765,926.227,7.775333333333334,7.775333333333334,0.34960315061427055,23.98527896320331,0.41200000000000003,True,True
Conservative-AoI Bayes-Safe,conservative,8,1,461.21647058823527,738.3295,7.960708333333332,7.960708333333332,0.3563518956432591,23.99029188363299,0.41200000000000003,True,True
Conservative-AoI Bayes-Safe,conservative,8,2,434.14529411764704,790.0195,7.835416666666678,7.835416666666678,0.3271415083274413,23.959502371390766,0.41200000000000003,True,True
Conservative-AoI Bayes-Safe,conservative,8,3,498.0176470588235,746.2935,7.9513749999999845,7.9513749999999845,0.3069267558386188,23.994002356156233,0.41200000000000003,True,True
Conservative-AoI Bayes-Safe,conservative,8,4,473.74823529411765,787.895,7.785125000000002,7.785125000000002,0.3024807292625339,23.979900091343897,0.41200000000000003,True,True
Expected-AoI Bayes-Safe,expected,2,0,261.9223529411765,546.905,2.386263856148217,-0.20292155215676555,0.3965147554890297,23.995955160104145,0.41200000000000003,True,True
Expected-AoI Bayes-Safe,expected,2,1,231.80882352941177,446.213,1.9664362546718177,-0.1181072551622256,0.38812849780253017,23.998691324716226,0.41200000000000003,True,True
Expected-AoI Bayes-Safe,expected,2,2,220.78117647058824,401.278,1.7432722526747195,-0.07691038203486256,0.38997000992675124,23.99600132356698,0.41200000000000003,True,True
Expected-AoI Bayes-Safe,expected,2,3,232.98294117647058,386.3275,1.9264555692253067,-0.13194718108029208,0.37242941714564076,23.991873310538033,0.41200000000000003,True,True
Expected-AoI Bayes-Safe,expected,2,4,227.8594117647059,447.1395,1.8926214726430646,-0.12893110850328038,0.3782867105519178,23.998624315966243,0.41200000000000003,True,True
Expected-AoI Bayes-Safe,expected,4,0,296.26529411764704,592.546,4.384494681715667,-0.7500768873407747,0.39895926086406097,23.996851411941012,0.41200000000000003,True,True
Expected-AoI Bayes-Safe,expected,4,1,241.49,437.1315,3.5647332379476726,-0.5319776539893492,0.39266801239671173,23.999127549811096,0.41200000000000003,True,True
Expected-AoI Bayes-Safe,expected,4,2,232.0441176470588,419.4645,3.091268099439547,-0.3342559353027225,0.39755276011977136,23.99851152606258,0.41200000000000003,True,True
Expected-AoI Bayes-Safe,expected,4,3,257.17470588235295,413.1885,3.391770921657625,-0.4518662189351165,0.38552994940704516,23.96071661228747,0.41200000000000003,True,True
Expected-AoI Bayes-Safe,expected,4,4,240.77058823529413,424.827,3.2662776654842824,-0.40359057672492,0.3782867105519178,23.998624315966083,0.41200000000000003,True,True
Expected-AoI Bayes-Safe,expected,8,0,320.7917647058824,563.15,6.83511390272688,-1.5518641485818703,0.4009825273818639,23.995955160104135,0.41200000000000003,True,True
Expected-AoI Bayes-Safe,expected,8,1,268.19176470588235,435.132,5.4024079777902845,-1.0707129384523297,0.4006121629365295,23.999127549810805,0.41200000000000003,True,True
Expected-AoI Bayes-Safe,expected,8,2,248.71470588235294,412.537,4.806465540244282,-0.7752418011791313,0.4029690102576429,23.999022390341555,0.41200000000000003,True,True
Expected-AoI Bayes-Safe,expected,8,3,255.42529411764707,402.5545,5.067867950707122,-0.9992898559140323,0.38927295862458927,23.9876152193019,0.41200000000000003,True,True
Expected-AoI Bayes-Safe,expected,8,4,252.52470588235295,473.628,5.303461845666134,-1.1481622144593355,0.3834890818168755,23.996539005605992,0.41200000000000003,True,True
Perfect-AoI Bayes-Safe,perfect,2,0,236.8929411764706,599.9925,0.0,0.0,0.3898130976497784,23.999726454188448,0.41200000000000003,True,True
Perfect-AoI Bayes-Safe,perfect,2,1,198.66411764705882,418.981,0.0,0.0,0.39266801239671173,23.99956377490547,0.41200000000000003,True,True
Perfect-AoI Bayes-Safe,perfect,2,2,188.79,398.174,0.0,0.0,0.3845537597888797,23.99600132356697,0.41200000000000003,True,True
Perfect-AoI Bayes-Safe,perfect,2,3,196.30058823529413,395.284,0.0,0.0,0.3743009217544128,23.989744264920095,0.41200000000000003,True,True
Perfect-AoI Bayes-Safe,perfect,2,4,198.17,465.382,0.0,0.0,0.3766807762320989,23.997734989018618,0.41200000000000003,True,True
Perfect-AoI Bayes-Safe,perfect,4,0,228.20882352941177,631.629,0.0,0.0,0.3931639265694041,23.999452908377098,0.41200000000000003,True,True
Perfect-AoI Bayes-Safe,perfect,4,1,202.46058823529413,437.1695,0.0,0.0,0.39039825509962095,23.999563774905468,0.41200000000000003,True,True
Perfect-AoI Bayes-Safe,perfect,4,2,184.79823529411766,407.8525,0.0,0.0,0.38347050976130537,23.999022390341096,0.41200000000000003,True,True
Perfect-AoI Bayes-Safe,perfect,4,3,195.9635294117647,414.4915,0.0,0.0,0.37242941714564076,23.992262590616427,0.41200000000000003,True,True
Perfect-AoI Bayes-Safe,perfect,4,4,198.05705882352942,459.1005,0.0,0.0,0.3857186695018574,23.99971247212877,0.41200000000000003,True,True
Perfect-AoI Bayes-Safe,perfect,8,0,228.77588235294118,639.0395,0.0,0.0,0.3965147554890297,23.99972645418899,0.41200000000000003,True,True
Perfect-AoI Bayes-Safe,perfect,8,1,199.2835294117647,448.3645,0.0,0.0,0.3903940670626493,23.99956377490558,0.41200000000000003,True,True
Perfect-AoI Bayes-Safe,perfect,8,2,190.21176470588236,418.7175,0.0,0.0,0.4018857602300686,23.99400198535045,0.41200000000000003,True,True
Perfect-AoI Bayes-Safe,perfect,8,3,191.31588235294117,429.1085,0.0,0.0,0.37804393097195693,23.991873310538068,0.41200000000000003,True,True
Perfect-AoI Bayes-Safe,perfect,8,4,194.3535294117647,480.526,0.0,0.0,0.3839646586454268,23.999712472128785,0.41200000000000003,True,True
