parameter,value,policy,seed,weighted_AoI
mean_sojourn_N,2.0,FreshSky-DPP (ours),0,54.27964285714286
mean_sojourn_N,2.0,FreshSky-DPP (ours),1,55.284642857142856
mean_sojourn_N,2.0,FreshSky-DPP (ours),2,52.49928571428571
mean_sojourn_N,2.0,FreshSky-DPP (ours),3,56.38178571428571
mean_sojourn_N,2.0,FreshSky-DPP (ours),4,58.683928571428574
mean_sojourn_N,4.0,FreshSky-DPP (ours),0,69.49321428571429
mean_sojourn_N,4.0,FreshSky-DPP (ours),1,65.59571428571428
mean_sojourn_N,4.0,FreshSky-DPP (ours),2,61.504285714285714
mean_sojourn_N,4.0,FreshSky-DPP (ours),3,58.85035714285714
mean_sojourn_N,4.0,FreshSky-DPP (ours),4,63.3475
mean_sojourn_N,6.0,FreshSky-DPP (ours),0,68.85857142857142
mean_sojourn_N,6.0,FreshSky-DPP (ours),1,74.75535714285714
mean_sojourn_N,6.0,FreshSky-DPP (ours),2,73.15964285714286
mean_sojourn_N,6.0,FreshSky-DPP (ours),3,71.21285714285715
mean_sojourn_N,6.0,FreshSky-DPP (ours),4,70.38714285714286
mean_sojourn_N,8.0,FreshSky-DPP (ours),0,72.38464285714285
mean_sojourn_N,8.0,FreshSky-DPP (ours),1,80.61892857142857
mean_sojourn_N,8.0,FreshSky-DPP (ours),2,81.63321428571429
mean_sojourn_N,8.0,FreshSky-DPP (ours),3,72.79285714285714
mean_sojourn_N,8.0,FreshSky-DPP (ours),4,75.96714285714286
mean_sojourn_N,12.0,FreshSky-DPP (ours),0,76.61321428571429
mean_sojourn_N,12.0,FreshSky-DPP (ours),1,83.96607142857142
mean_sojourn_N,12.0,FreshSky-DPP (ours),2,83.47892857142857
mean_sojourn_N,12.0,FreshSky-DPP (ours),3,80.41928571428572
mean_sojourn_N,12.0,FreshSky-DPP (ours),4,76.43142857142857
mean_sojourn_N,16.0,FreshSky-DPP (ours),0,82.25142857142858
mean_sojourn_N,16.0,FreshSky-DPP (ours),1,90.54964285714286
mean_sojourn_N,16.0,FreshSky-DPP (ours),2,91.62178571428572
mean_sojourn_N,16.0,FreshSky-DPP (ours),3,95.17392857142858
mean_sojourn_N,16.0,FreshSky-DPP (ours),4,88.38
mean_sojourn_N,2.0,Lyap-DPP (no value),0,60.95357142857143
mean_sojourn_N,2.0,Lyap-DPP (no value),1,63.0525
mean_sojourn_N,2.0,Lyap-DPP (no value),2,58.15821428571429
mean_sojourn_N,2.0,Lyap-DPP (no value),3,63.669285714285714
mean_sojourn_N,2.0,Lyap-DPP (no value),4,67.75857142857143
mean_sojourn_N,4.0,Lyap-DPP (no value),0,78.83357142857143
mean_sojourn_N,4.0,Lyap-DPP (no value),1,74.39428571428572
mean_sojourn_N,4.0,Lyap-DPP (no value),2,67.04285714285714
mean_sojourn_N,4.0,Lyap-DPP (no value),3,64.12
mean_sojourn_N,4.0,Lyap-DPP (no value),4,70.57678571428572
mean_sojourn_N,6.0,Lyap-DPP (no value),0,76.1725
mean_sojourn_N,6.0,Lyap-DPP (no value),1,82.46857142857142
mean_sojourn_N,6.0,Lyap-DPP (no value),2,80.32642857142856
mean_sojourn_N,6.0,Lyap-DPP (no value),3,78.40714285714286
mean_sojourn_N,6.0,Lyap-DPP (no value),4,78.65357142857142
mean_sojourn_N,8.0,Lyap-DPP (no value),0,78.6
mean_sojourn_N,8.0,Lyap-DPP (no value),1,89.12321428571428
mean_sojourn_N,8.0,Lyap-DPP (no value),2,89.50357142857143
mean_sojourn_N,8.0,Lyap-DPP (no value),3,81.36392857142857
mean_sojourn_N,8.0,Lyap-DPP (no value),4,83.93785714285714
mean_sojourn_N,12.0,Lyap-DPP (no value),0,82.07821428571428
mean_sojourn_N,12.0,Lyap-DPP (no value),1,92.155
mean_sojourn_N,12.0,Lyap-DPP (no value),2,92.50857142857143
mean_sojourn_N,12.0,Lyap-DPP (no value),3,88.89178571428572
mean_sojourn_N,12.0,Lyap-DPP (no value),4,83.13714285714286
mean_sojourn_N,16.0,Lyap-DPP (no value),0,87.53857142857143
mean_sojourn_N,16.0,Lyap-DPP (no value),1,98.66892857142857
mean_sojourn_N,16.0,Lyap-DPP (no value),2,100.24178571428571
mean_sojourn_N,16.0,Lyap-DPP (no value),3,105.805
mean_sojourn_N,16.0,Lyap-DPP (no value),4,97.54714285714286
mean_sojourn_N,2.0,Max-Weight,0,50.534285714285716
mean_sojourn_N,2.0,Max-Weight,1,51.12
mean_sojourn_N,2.0,Max-Weight,2,48.96714285714286
mean_sojourn_N,2.0,Max-Weight,3,52.7575
mean_sojourn_N,2.0,Max-Weight,4,54.59285714285714
mean_sojourn_N,4.0,Max-Weight,0,63.47392857142857
mean_sojourn_N,4.0,Max-Weight,1,59.62285714285714
mean_sojourn_N,4.0,Max-Weight,2,55.6375
mean_sojourn_N,4.0,Max-Weight,3,52.05392857142857
mean_sojourn_N,4.0,Max-Weight,4,56.84
mean_sojourn_N,6.0,Max-Weight,0,60.445
mean_sojourn_N,6.0,Max-Weight,1,65.57142857142857
mean_sojourn_N,6.0,Max-Weight,2,64.07821428571428
mean_sojourn_N,6.0,Max-Weight,3,61.59428571428571
mean_sojourn_N,6.0,Max-Weight,4,62.56107142857143
mean_sojourn_N,8.0,Max-Weight,0,62.63
mean_sojourn_N,8.0,Max-Weight,1,69.98821428571429
mean_sojourn_N,8.0,Max-Weight,2,72.11678571428571
mean_sojourn_N,8.0,Max-Weight,3,63.15107142857143
mean_sojourn_N,8.0,Max-Weight,4,66.59142857142857
mean_sojourn_N,12.0,Max-Weight,0,64.77785714285714
mean_sojourn_N,12.0,Max-Weight,1,71.585
mean_sojourn_N,12.0,Max-Weight,2,72.11285714285714
mean_sojourn_N,12.0,Max-Weight,3,69.575
mean_sojourn_N,12.0,Max-Weight,4,65.55321428571429
mean_sojourn_N,16.0,Max-Weight,0,70.17035714285714
mean_sojourn_N,16.0,Max-Weight,1,77.65035714285715
mean_sojourn_N,16.0,Max-Weight,2,77.04785714285714
mean_sojourn_N,16.0,Max-Weight,3,81.93464285714286
mean_sojourn_N,16.0,Max-Weight,4,74.56464285714286
p_ihigh,0.1,FreshSky-DPP (ours),0,66.34678571428572
p_ihigh,0.1,FreshSky-DPP (ours),1,72.18285714285715
p_ihigh,0.1,FreshSky-DPP (ours),2,74.19785714285715
p_ihigh,0.1,FreshSky-DPP (ours),3,67.335
p_ihigh,0.1,FreshSky-DPP (ours),4,68.00571428571429
p_ihigh,0.2,FreshSky-DPP (ours),0,70.29392857142857
p_ihigh,0.2,FreshSky-DPP (ours),1,76.91964285714286
p_ihigh,0.2,FreshSky-DPP (ours),2,78.19
p_ihigh,0.2,FreshSky-DPP (ours),3,70.495
p_ihigh,0.2,FreshSky-DPP (ours),4,73.32892857142858
p_ihigh,0.3,FreshSky-DPP (ours),0,72.38464285714285
p_ihigh,0.3,FreshSky-DPP (ours),1,80.61892857142857
p_ihigh,0.3,FreshSky-DPP (ours),2,81.63321428571429
p_ihigh,0.3,FreshSky-DPP (ours),3,72.79285714285714
p_ihigh,0.3,FreshSky-DPP (ours),4,75.96714285714286
p_ihigh,0.4,FreshSky-DPP (ours),0,75.7125
p_ihigh,0.4,FreshSky-DPP (ours),1,84.17535714285714
p_ihigh,0.4,FreshSky-DPP (ours),2,85.85107142857143
p_ihigh,0.4,FreshSky-DPP (ours),3,76.28607142857143
p_ihigh,0.4,FreshSky-DPP (ours),4,78.7375
p_ihigh,0.5,FreshSky-DPP (ours),0,77.80428571428571
p_ihigh,0.5,FreshSky-DPP (ours),1,86.32821428571428
p_ihigh,0.5,FreshSky-DPP (ours),2,87.98357142857142
p_ihigh,0.5,FreshSky-DPP (ours),3,78.93714285714286
p_ihigh,0.5,FreshSky-DPP (ours),4,86.40892857142858
p_ihigh,0.1,Lyap-DPP (no value),0,72.32321428571429
p_ihigh,0.1,Lyap-DPP (no value),1,80.51107142857143
p_ihigh,0.1,Lyap-DPP (no value),2,81.05892857142857
p_ihigh,0.1,Lyap-DPP (no value),3,74.34964285714285
p_ihigh,0.1,Lyap-DPP (no value),4,75.40821428571428
p_ihigh,0.2,Lyap-DPP (no value),0,76.31714285714285
p_ihigh,0.2,Lyap-DPP (no value),1,85.05928571428572
p_ihigh,0.2,Lyap-DPP (no value),2,84.13142857142857
p_ihigh,0.2,Lyap-DPP (no value),3,78.39285714285714
p_ihigh,0.2,Lyap-DPP (no value),4,81.49035714285715
p_ihigh,0.3,Lyap-DPP (no value),0,78.6
p_ihigh,0.3,Lyap-DPP (no value),1,89.12321428571428
p_ihigh,0.3,Lyap-DPP (no value),2,89.50357142857143
p_ihigh,0.3,Lyap-DPP (no value),3,81.36392857142857
p_ihigh,0.3,Lyap-DPP (no value),4,83.93785714285714
p_ihigh,0.4,Lyap-DPP (no value),0,79.85678571428572
p_ihigh,0.4,Lyap-DPP (no value),1,91.65785714285714
p_ihigh,0.4,Lyap-DPP (no value),2,93.41214285714285
p_ihigh,0.4,Lyap-DPP (no value),3,83.60142857142857
p_ihigh,0.4,Lyap-DPP (no value),4,87.14107142857142
p_ihigh,0.5,Lyap-DPP (no value),0,83.66571428571429
p_ihigh,0.5,Lyap-DPP (no value),1,94.02678571428571
p_ihigh,0.5,Lyap-DPP (no value),2,94.82892857142858
p_ihigh,0.5,Lyap-DPP (no value),3,84.83642857142857
p_ihigh,0.5,Lyap-DPP (no value),4,92.08035714285714
p_ihigh,0.1,Max-Weight,0,57.82071428571429
p_ihigh,0.1,Max-Weight,1,63.07785714285714
p_ihigh,0.1,Max-Weight,2,65.84642857142858
p_ihigh,0.1,Max-Weight,3,58.284642857142856
p_ihigh,0.1,Max-Weight,4,60.07107142857143
p_ihigh,0.2,Max-Weight,0,60.958214285714284
p_ihigh,0.2,Max-Weight,1,66.86321428571429
p_ihigh,0.2,Max-Weight,2,69.15
p_ihigh,0.2,Max-Weight,3,60.988214285714285
p_ihigh,0.2,Max-Weight,4,64.27107142857143
p_ihigh,0.3,Max-Weight,0,62.63
p_ihigh,0.3,Max-Weight,1,69.98821428571429
p_ihigh,0.3,Max-Weight,2,72.11678571428571
p_ihigh,0.3,Max-Weight,3,63.15107142857143
p_ihigh,0.3,Max-Weight,4,66.59142857142857
p_ihigh,0.4,Max-Weight,0,65.10821428571428
p_ihigh,0.4,Max-Weight,1,72.52
p_ihigh,0.4,Max-Weight,2,75.72107142857143
p_ihigh,0.4,Max-Weight,3,65.92107142857142
p_ihigh,0.4,Max-Weight,4,68.60321428571429
p_ihigh,0.5,Max-Weight,0,66.71142857142857
p_ihigh,0.5,Max-Weight,1,75.02928571428572
p_ihigh,0.5,Max-Weight,2,76.53571428571429
p_ihigh,0.5,Max-Weight,3,67.8075
p_ihigh,0.5,Max-Weight,4,75.89571428571429
N,6.0,FreshSky-DPP (ours),0,39.168571428571425
N,6.0,FreshSky-DPP (ours),1,34.34107142857143
N,6.0,FreshSky-DPP (ours),2,36.675357142857145
N,6.0,FreshSky-DPP (ours),3,35.135714285714286
N,6.0,FreshSky-DPP (ours),4,33.135714285714286
N,9.0,FreshSky-DPP (ours),0,59.37642857142857
N,9.0,FreshSky-DPP (ours),1,57.74392857142857
N,9.0,FreshSky-DPP (ours),2,56.405
N,9.0,FreshSky-DPP (ours),3,63.05607142857143
N,9.0,FreshSky-DPP (ours),4,54.27892857142857
N,12.0,FreshSky-DPP (ours),0,72.38464285714285
N,12.0,FreshSky-DPP (ours),1,80.61892857142857
N,12.0,FreshSky-DPP (ours),2,81.63321428571429
N,12.0,FreshSky-DPP (ours),3,72.79285714285714
N,12.0,FreshSky-DPP (ours),4,75.96714285714286
N,16.0,FreshSky-DPP (ours),0,96.47178571428572
N,16.0,FreshSky-DPP (ours),1,94.78821428571429
N,16.0,FreshSky-DPP (ours),2,96.84321428571428
N,16.0,FreshSky-DPP (ours),3,106.87714285714286
N,16.0,FreshSky-DPP (ours),4,96.73142857142857
N,20.0,FreshSky-DPP (ours),0,127.79857142857144
N,20.0,FreshSky-DPP (ours),1,137.46142857142857
N,20.0,FreshSky-DPP (ours),2,127.50285714285714
N,20.0,FreshSky-DPP (ours),3,122.01678571428572
N,20.0,FreshSky-DPP (ours),4,128.83357142857142
N,32.0,FreshSky-DPP (ours),0,209.96214285714285
N,32.0,FreshSky-DPP (ours),1,199.97821428571427
N,32.0,FreshSky-DPP (ours),2,192.36964285714285
N,32.0,FreshSky-DPP (ours),3,199.54142857142858
N,32.0,FreshSky-DPP (ours),4,201.38392857142858
N,50.0,FreshSky-DPP (ours),0,309.5842857142857
N,50.0,FreshSky-DPP (ours),1,312.4717857142857
N,50.0,FreshSky-DPP (ours),2,304.475
N,50.0,FreshSky-DPP (ours),3,316.1592857142857
N,50.0,FreshSky-DPP (ours),4,316.5864285714286
N,6.0,Lyap-DPP (no value),0,43.7
N,6.0,Lyap-DPP (no value),1,36.83107142857143
N,6.0,Lyap-DPP (no value),2,39.87321428571428
N,6.0,Lyap-DPP (no value),3,38.67321428571429
N,6.0,Lyap-DPP (no value),4,35.769642857142856
N,9.0,Lyap-DPP (no value),0,65.0
N,9.0,Lyap-DPP (no value),1,62.24
N,9.0,Lyap-DPP (no value),2,61.19857142857143
N,9.0,Lyap-DPP (no value),3,70.34142857142857
N,9.0,Lyap-DPP (no value),4,58.769285714285715
N,12.0,Lyap-DPP (no value),0,78.6
N,12.0,Lyap-DPP (no value),1,89.12321428571428
N,12.0,Lyap-DPP (no value),2,89.50357142857143
N,12.0,Lyap-DPP (no value),3,81.36392857142857
N,12.0,Lyap-DPP (no value),4,83.93785714285714
N,16.0,Lyap-DPP (no value),0,105.91607142857143
N,16.0,Lyap-DPP (no value),1,103.38892857142856
N,16.0,Lyap-DPP (no value),2,108.15964285714286
N,16.0,Lyap-DPP (no value),3,119.005
N,16.0,Lyap-DPP (no value),4,106.69142857142857
N,20.0,Lyap-DPP (no value),0,140.64464285714286
N,20.0,Lyap-DPP (no value),1,153.09035714285713
N,20.0,Lyap-DPP (no value),2,139.63107142857143
N,20.0,Lyap-DPP (no value),3,134.21035714285713
N,20.0,Lyap-DPP (no value),4,143.17392857142858
N,32.0,Lyap-DPP (no value),0,233.74535714285713
N,32.0,Lyap-DPP (no value),1,222.21785714285716
N,32.0,Lyap-DPP (no value),2,213.76642857142858
N,32.0,Lyap-DPP (no value),3,221.44535714285715
N,32.0,Lyap-DPP (no value),4,225.16464285714287
N,50.0,Lyap-DPP (no value),0,344.05642857142857
N,50.0,Lyap-DPP (no value),1,345.78285714285715
N,50.0,Lyap-DPP (no value),2,338.2814285714286
N,50.0,Lyap-DPP (no value),3,349.8285714285714
N,50.0,Lyap-DPP (no value),4,356.44928571428574
N,6.0,Max-Weight,0,33.27928571428571
N,6.0,Max-Weight,1,29.51107142857143
N,6.0,Max-Weight,2,30.285
N,6.0,Max-Weight,3,29.77642857142857
N,6.0,Max-Weight,4,28.120714285714286
N,9.0,Max-Weight,0,53.21357142857143
N,9.0,Max-Weight,1,51.284285714285716
N,9.0,Max-Weight,2,50.06178571428571
N,9.0,Max-Weight,3,56.965714285714284
N,9.0,Max-Weight,4,49.035357142857144
N,12.0,Max-Weight,0,62.63
N,12.0,Max-Weight,1,69.98821428571429
N,12.0,Max-Weight,2,72.11678571428571
N,12.0,Max-Weight,3,63.15107142857143
N,12.0,Max-Weight,4,66.59142857142857
N,16.0,Max-Weight,0,83.01642857142858
N,16.0,Max-Weight,1,81.48714285714286
N,16.0,Max-Weight,2,85.28142857142858
N,16.0,Max-Weight,3,93.40321428571428
N,16.0,Max-Weight,4,84.14071428571428
N,20.0,Max-Weight,0,110.11357142857143
N,20.0,Max-Weight,1,119.09928571428571
N,20.0,Max-Weight,2,110.94107142857143
N,20.0,Max-Weight,3,105.39357142857143
N,20.0,Max-Weight,4,113.8275
N,32.0,Max-Weight,0,183.85892857142858
N,32.0,Max-Weight,1,172.3032142857143
N,32.0,Max-Weight,2,166.31964285714287
N,32.0,Max-Weight,3,173.36214285714286
N,32.0,Max-Weight,4,176.43464285714285
N,50.0,Max-Weight,0,265.8442857142857
N,50.0,Max-Weight,1,271.9689285714286
N,50.0,Max-Weight,2,267.09214285714285
N,50.0,Max-Weight,3,276.3982142857143
N,50.0,Max-Weight,4,277.21535714285716
