quantile,good_fraction,threshold_db,policy,seed,wAoI,mean_power,max_avg_power,max_queue,finite_window_bound,bound_ok,certificate_ok,fitted_pLL,fitted_pNL
0.25,0.7497621313035204,-89.41241867615364,Bayes-FreshSky-Safe,0,390.9724444444444,0.20574549300514614,0.393603328790546,23.985614633174237,0.4053333333333334,True,True,0.9606598984771574,0.1183206106870229
0.25,0.7497621313035204,-89.41241867615364,Bayes-FreshSky-Safe,1,394.9364444444444,0.19167338454510865,0.38916826717545255,23.97391918272875,0.4053333333333334,True,True,0.9606598984771574,0.1183206106870229
0.25,0.7497621313035204,-89.41241867615364,Bayes-FreshSky-Safe,2,392.10044444444446,0.20483294876082803,0.392585128946764,23.998220468455372,0.4053333333333334,True,True,0.9606598984771574,0.1183206106870229
0.25,0.7497621313035204,-89.41241867615364,Bayes-FreshSky-Safe,3,407.22355555555555,0.2753920429299446,0.39232570841825304,23.993390715786234,0.4053333333333334,True,True,0.9606598984771574,0.1183206106870229
0.25,0.7497621313035204,-89.41241867615364,Bayes-FreshSky-Safe,4,392.8784444444444,0.21147927341091213,0.3883931897055501,23.99607338322057,0.4053333333333334,True,True,0.9606598984771574,0.1183206106870229
0.25,0.7497621313035204,-89.41241867615364,Bayes-FreshSky,0,386.3728888888889,0.205589827220615,0.3895960550811399,24.643723282428905,,,,0.9606598984771574,0.1183206106870229
0.25,0.7497621313035204,-89.41241867615364,Bayes-FreshSky,1,385.9831111111111,0.19244064368493766,0.3914574922764846,30.66541763802661,,,,0.9606598984771574,0.1183206106870229
0.25,0.7497621313035204,-89.41241867615364,Bayes-FreshSky,2,390.5586666666667,0.20499556516735465,0.39615814490987455,29.897325026723927,,,,0.9606598984771574,0.1183206106870229
0.25,0.7497621313035204,-89.41241867615364,Bayes-FreshSky,3,408.1426666666667,0.2750294458772344,0.39232570841825304,31.81059051881812,,,,0.9606598984771574,0.1183206106870229
0.25,0.7497621313035204,-89.41241867615364,Bayes-FreshSky,4,394.5791111111111,0.21193699087008797,0.3921214083350041,29.841451521637513,,,,0.9606598984771574,0.1183206106870229
0.25,0.7497621313035204,-89.41241867615364,Bayes-Aggregate-DPP,0,386.3397777777778,0.21325911360520874,0.4946756767944538,480.4696944300071,,,,0.9606598984771574,0.1183206106870229
0.25,0.7497621313035204,-89.41241867615364,Bayes-Aggregate-DPP,1,385.0417777777778,0.20160241044450866,0.499966762065407,501.63947802355966,,,,0.9606598984771574,0.1183206106870229
0.25,0.7497621313035204,-89.41241867615364,Bayes-Aggregate-DPP,2,401.996,0.2124919685973982,0.5100480287340239,579.4009578773324,,,,0.9606598984771574,0.1183206106870229
0.25,0.7497621313035204,-89.41241867615364,Bayes-Aggregate-DPP,3,403.09222222222223,0.2910513761884666,0.5493563308414209,818.6867722638135,,,,0.9606598984771574,0.1183206106870229
0.25,0.7497621313035204,-89.41241867615364,Bayes-Aggregate-DPP,4,402.01355555555557,0.22524564671061412,0.4615672530200193,327.31058052348044,,,,0.9606598984771574,0.1183206106870229
0.25,0.7497621313035204,-89.41241867615364,TS-DPP adapted,0,452.9208888888889,0.2181803206613746,0.5161809559386173,626.7957597922908,,,,0.9606598984771574,0.1183206106870229
0.25,0.7497621313035204,-89.41241867615364,TS-DPP adapted,1,429.14244444444444,0.19284425584734474,0.43129000903444165,415.32564583688793,,,,0.9606598984771574,0.1183206106870229
0.25,0.7497621313035204,-89.41241867615364,TS-DPP adapted,2,446.93755555555555,0.20145170770220533,0.43274450694106814,196.62856248415287,,,,0.9606598984771574,0.1183206106870229
0.25,0.7497621313035204,-89.41241867615364,TS-DPP adapted,3,433.98622222222224,0.2940199699733158,0.6296275755305833,1247.941289690634,,,,0.9606598984771574,0.1183206106870229
0.25,0.7497621313035204,-89.41241867615364,TS-DPP adapted,4,431.3268888888889,0.230793719207952,0.6030778949546496,922.4467313124729,,,,0.9606598984771574,0.1183206106870229
0.25,0.7497621313035204,-89.41241867615364,FreshSky-B fitted-GE,0,369.78644444444444,0.20285525162507786,0.37045019180286665,119.08731152153592,,,,0.9606598984771574,0.1183206106870229
0.25,0.7497621313035204,-89.41241867615364,FreshSky-B fitted-GE,1,369.88933333333335,0.1903408753019348,0.39099964725627817,79.5182260571149,,,,0.9606598984771574,0.1183206106870229
0.25,0.7497621313035204,-89.41241867615364,FreshSky-B fitted-GE,2,371.14644444444446,0.2038091927983038,0.3912452479605975,95.35804478568427,,,,0.9606598984771574,0.1183206106870229
0.25,0.7497621313035204,-89.41241867615364,FreshSky-B fitted-GE,3,387.7108888888889,0.27330335757093865,0.39905711225064516,110.00689925242635,,,,0.9606598984771574,0.1183206106870229
0.25,0.7497621313035204,-89.41241867615364,FreshSky-B fitted-GE,4,377.1328888888889,0.2113161924894077,0.3909136421902351,103.99007143000838,,,,0.9606598984771574,0.1183206106870229
0.25,0.7497621313035204,-89.41241867615364,Wang'26 fitted-GE,0,394.73622222222224,0.21352947823225019,0.5133762874383486,568.2588108745653,,,,0.9606598984771574,0.1183206106870229
0.25,0.7497621313035204,-89.41241867615364,Wang'26 fitted-GE,1,390.49533333333335,0.2021791817275215,0.5123285776109813,567.0767257065115,,,,0.9606598984771574,0.1183206106870229
0.25,0.7497621313035204,-89.41241867615364,Wang'26 fitted-GE,2,398.8077777777778,0.21018711122926478,0.5096014017386351,586.1223860433298,,,,0.9606598984771574,0.1183206106870229
0.25,0.7497621313035204,-89.41241867615364,Wang'26 fitted-GE,3,383.3888888888889,0.2934075500297589,0.5613970175447952,803.3172872913477,,,,0.9606598984771574,0.1183206106870229
0.25,0.7497621313035204,-89.41241867615364,Wang'26 fitted-GE,4,389.1511111111111,0.226067249750153,0.4741046931906768,361.7599974088024,,,,0.9606598984771574,0.1183206106870229
0.25,0.7497621313035204,-89.41241867615364,Memoryless,0,404.47133333333335,0.20220677772531756,0.37045019180286665,150.74186434208067,,,,0.9606598984771574,0.1183206106870229
0.25,0.7497621313035204,-89.41241867615364,Memoryless,1,432.5946666666667,0.18987530507455008,0.39695163251896143,147.5927214230038,,,,0.9606598984771574,0.1183206106870229
0.25,0.7497621313035204,-89.41241867615364,Memoryless,2,432.46955555555553,0.204575627149999,0.4073238197945951,118.98572969188574,,,,0.9606598984771574,0.1183206106870229
0.25,0.7497621313035204,-89.41241867615364,Memoryless,3,417.1037777777778,0.27502505699331475,0.4019250791764713,144.909518134182,,,,0.9606598984771574,0.1183206106870229
0.25,0.7497621313035204,-89.41241867615364,Memoryless,4,415.6573333333333,0.2140392187456436,0.40943272307669254,150.0922186489465,,,,0.9606598984771574,0.1183206106870229
0.5,0.5004757373929591,-87.66462295051609,Bayes-FreshSky-Safe,0,880.374,0.20467329783402813,0.38603403400611236,23.981681237310116,0.4053333333333334,True,True,0.9239543726235742,0.07633587786259542
0.5,0.5004757373929591,-87.66462295051609,Bayes-FreshSky-Safe,1,914.7917777777777,0.19159812128775144,0.3923731823168974,23.99603731923102,0.4053333333333334,True,True,0.9239543726235742,0.07633587786259542
0.5,0.5004757373929591,-87.66462295051609,Bayes-FreshSky-Safe,2,934.3264444444444,0.20436549051175987,0.38945873997904223,23.922329283693337,0.4053333333333334,True,True,0.9239543726235742,0.07633587786259542
0.5,0.5004757373929591,-87.66462295051609,Bayes-FreshSky-Safe,3,910.122,0.27407284945188287,0.3893155367424097,23.993680683999205,0.4053333333333334,True,True,0.9239543726235742,0.07633587786259542
0.5,0.5004757373929591,-87.66462295051609,Bayes-FreshSky-Safe,4,898.1397777777778,0.21046611613020416,0.3859087983001841,23.99349403210772,0.4053333333333334,True,True,0.9239543726235742,0.07633587786259542
0.5,0.5004757373929591,-87.66462295051609,Bayes-FreshSky,0,906.094,0.20529989687552244,0.38692453927486925,29.72365305990161,,,,0.9239543726235742,0.07633587786259542
0.5,0.5004757373929591,-87.66462295051609,Bayes-FreshSky,1,914.9615555555556,0.19143097300303155,0.394204562397723,31.662391728737777,,,,0.9239543726235742,0.07633587786259542
0.5,0.5004757373929591,-87.66462295051609,Bayes-FreshSky,2,941.5182222222222,0.20421783799431417,0.39615814490987455,32.43214508698386,,,,0.9239543726235742,0.07633587786259542
0.5,0.5004757373929591,-87.66462295051609,Bayes-FreshSky,3,881.7702222222222,0.2736112696937208,0.3898172320217169,44.644313532384004,,,,0.9239543726235742,0.07633587786259542
0.5,0.5004757373929591,-87.66462295051609,Bayes-FreshSky,4,904.7262222222222,0.21080962352596103,0.39170571157937145,37.01531456756356,,,,0.9239543726235742,0.07633587786259542
0.5,0.5004757373929591,-87.66462295051609,Bayes-Aggregate-DPP,0,919.1162222222222,0.21233947989783356,0.49200416098818306,472.829689028278,,,,0.9239543726235742,0.07633587786259542
0.5,0.5004757373929591,-87.66462295051609,Bayes-Aggregate-DPP,1,904.4348888888888,0.20170195975852198,0.5004246070856135,501.28371429655726,,,,0.9239543726235742,0.07633587786259542
0.5,0.5004757373929591,-87.66462295051609,Bayes-Aggregate-DPP,2,919.6297777777778,0.21189022261318272,0.49932898084469224,520.2670275828415,,,,0.9239543726235742,0.07633587786259542
0.5,0.5004757373929591,-87.66462295051609,Bayes-Aggregate-DPP,3,891.424,0.29106083049066006,0.5297902149484375,695.9748193921438,,,,0.9239543726235742,0.07633587786259542
0.5,0.5004757373929591,-87.66462295051609,Bayes-Aggregate-DPP,4,861.0162222222223,0.2236278051102537,0.45787799433691106,327.77336435083714,,,,0.9239543726235742,0.07633587786259542
0.5,0.5004757373929591,-87.66462295051609,TS-DPP adapted,0,874.2675555555555,0.21034656269534735,0.5258433612009451,767.9750821904013,,,,0.9239543726235742,0.07633587786259542
0.5,0.5004757373929591,-87.66462295051609,TS-DPP adapted,1,927.5108888888889,0.18803687603154992,0.4399890644183633,302.993873789336,,,,0.9239543726235742,0.07633587786259542
0.5,0.5004757373929591,-87.66462295051609,TS-DPP adapted,2,955.1962222222222,0.2033200824498057,0.4081831386658566,151.66549542261478,,,,0.9239543726235742,0.07633587786259542
0.5,0.5004757373929591,-87.66462295051609,TS-DPP adapted,3,947.0044444444444,0.2988753663740058,0.5149608739336172,727.0662678186553,,,,0.9239543726235742,0.07633587786259542
0.5,0.5004757373929591,-87.66462295051609,TS-DPP adapted,4,925.7388888888889,0.2174649865419378,0.5979101982247488,918.4288275516625,,,,0.9239543726235742,0.07633587786259542
0.5,0.5004757373929591,-87.66462295051609,FreshSky-B fitted-GE,0,784.4302222222223,0.2033071092994282,0.3726764549747589,76.08159754899975,,,,0.9239543726235742,0.07633587786259542
0.5,0.5004757373929591,-87.66462295051609,FreshSky-B fitted-GE,1,800.2317777777778,0.18719021282239237,0.37085446636719643,70.40305767647425,,,,0.9239543726235742,0.07633587786259542
0.5,0.5004757373929591,-87.66462295051609,FreshSky-B fitted-GE,2,847.3582222222223,0.20331757345661852,0.4019642958499292,101.97589686072095,,,,0.9239543726235742,0.07633587786259542
0.5,0.5004757373929591,-87.66462295051609,FreshSky-B fitted-GE,3,821.1353333333333,0.27183334606583204,0.3970085644464837,94.54407446950438,,,,0.9239543726235742,0.07633587786259542
0.5,0.5004757373929591,-87.66462295051609,FreshSky-B fitted-GE,4,808.6602222222223,0.20959422435917704,0.382453150148913,113.41830481386619,,,,0.9239543726235742,0.07633587786259542
0.5,0.5004757373929591,-87.66462295051609,Wang'26 fitted-GE,0,778.0262222222223,0.2116677136306464,0.4795370872255865,429.9496782247904,,,,0.9239543726235742,0.07633587786259542
0.5,0.5004757373929591,-87.66462295051609,Wang'26 fitted-GE,1,859.7602222222222,0.20296645914967337,0.4976775369643748,510.9882531604941,,,,0.9239543726235742,0.07633587786259542
0.5,0.5004757373929591,-87.66462295051609,Wang'26 fitted-GE,2,841.7782222222222,0.21164762314546573,0.5180873146510228,589.0009578773362,,,,0.9239543726235742,0.07633587786259542
0.5,0.5004757373929591,-87.66462295051609,Wang'26 fitted-GE,3,814.44,0.29158800492473674,0.5378173394173538,692.0900769059053,,,,0.9239543726235742,0.07633587786259542
0.5,0.5004757373929591,-87.66462295051609,Wang'26 fitted-GE,4,800.4228888888889,0.22489929785072413,0.4596124099927085,315.521906815623,,,,0.9239543726235742,0.07633587786259542
0.5,0.5004757373929591,-87.66462295051609,Memoryless,0,941.1417777777777,0.20304756362603035,0.36555241282470374,171.07645497475582,,,,0.9239543726235742,0.07633587786259542
0.5,0.5004757373929591,-87.66462295051609,Memoryless,1,997.5893333333333,0.18777951108211624,0.38825257713503974,172.508932734394,,,,0.9239543726235742,0.07633587786259542
0.5,0.5004757373929591,-87.66462295051609,Memoryless,2,992.1673333333333,0.2073043192005292,0.42384901862398144,228.731272349081,,,,0.9239543726235742,0.07633587786259542
0.5,0.5004757373929591,-87.66462295051609,Memoryless,3,965.3633333333333,0.2746521856863605,0.4396183587730428,267.6573865735952,,,,0.9239543726235742,0.07633587786259542
0.5,0.5004757373929591,-87.66462295051609,Memoryless,4,953.4128888888889,0.21368674532315798,0.42915957010791894,246.96324478236122,,,,0.9239543726235742,0.07633587786259542
0.75,0.25023786869647957,-85.99993525439743,Bayes-FreshSky-Safe,0,2017.6024444444445,0.20413028158393542,0.37223120234038043,23.999665246758145,0.4053333333333334,True,True,0.8859315589353612,0.03811944091486658
0.75,0.25023786869647957,-85.99993525439743,Bayes-FreshSky-Safe,1,2200.0133333333333,0.18949971633020354,0.3845898169733885,23.99603731923106,0.4053333333333334,True,True,0.8859315589353612,0.03811944091486658
0.75,0.25023786869647957,-85.99993525439743,Bayes-FreshSky-Safe,2,2189.5826666666667,0.2026770239154793,0.3890121129836534,23.998220468455457,0.4053333333333334,True,True,0.8859315589353612,0.03811944091486658
0.75,0.25023786869647957,-85.99993525439743,Bayes-FreshSky-Safe,3,2101.658,0.2726839910905069,0.38329519339072315,23.993221233343018,0.4053333333333334,True,True,0.8859315589353612,0.03811944091486658
0.75,0.25023786869647957,-85.99993525439743,Bayes-FreshSky-Safe,4,2091.4673333333335,0.2067030786987316,0.3648266919962829,23.99607338322055,0.4053333333333334,True,True,0.8859315589353612,0.03811944091486658
0.75,0.25023786869647957,-85.99993525439743,Bayes-FreshSky,0,1986.9573333333333,0.20454921528341355,0.38291726556546324,38.65094297450622,,,,0.8859315589353612,0.03811944091486658
0.75,0.25023786869647957,-85.99993525439743,Bayes-FreshSky,1,2121.4315555555554,0.18981507641456516,0.3841319719531821,34.59906322851995,,,,0.8859315589353612,0.03811944091486658
0.75,0.25023786869647957,-85.99993525439743,Bayes-FreshSky,2,2163.728222222222,0.20120053951239594,0.3858857240159317,42.79285916998535,,,,0.8859315589353612,0.03811944091486658
0.75,0.25023786869647957,-85.99993525439743,Bayes-FreshSky,3,2071.0324444444445,0.2714161204474401,0.38680706034587364,47.17298292671858,,,,0.8859315589353612,0.03811944091486658
0.75,0.25023786869647957,-85.99993525439743,Bayes-FreshSky,4,1995.8962222222221,0.21007511646036167,0.38205669046192936,44.92238983480665,,,,0.8859315589353612,0.03811944091486658
0.75,0.25023786869647957,-85.99993525439743,Bayes-Aggregate-DPP,0,2042.1955555555555,0.21268477066848754,0.4790918345912081,421.1714993530226,,,,0.8859315589353612,0.03811944091486658
0.75,0.25023786869647957,-85.99993525439743,Bayes-Aggregate-DPP,1,2108.1877777777777,0.20280566210767795,0.499966762065407,500.08371429654295,,,,0.8859315589353612,0.03811944091486658
0.75,0.25023786869647957,-85.99993525439743,Bayes-Aggregate-DPP,2,2132.1737777777776,0.21082712957461172,0.5234468385956885,629.6464948585708,,,,0.8859315589353612,0.03811944091486658
0.75,0.25023786869647957,-85.99993525439743,Bayes-Aggregate-DPP,3,2077.2555555555555,0.29132897975249267,0.547851245003499,765.3036820986181,,,,0.8859315589353612,0.03811944091486658
0.75,0.25023786869647957,-85.99993525439743,Bayes-Aggregate-DPP,4,1984.0577777777778,0.22494218751154135,0.4603375001256499,343.532063157275,,,,0.8859315589353612,0.03811944091486658
0.75,0.25023786869647957,-85.99993525439743,TS-DPP adapted,0,1935.0522222222223,0.21307339713224824,0.44803157482777345,370.78788363169093,,,,0.8859315589353612,0.03811944091486658
0.75,0.25023786869647957,-85.99993525439743,TS-DPP adapted,1,2193.1453333333334,0.20734881012011308,0.4715803708126069,474.1757183336414,,,,0.8859315589353612,0.03811944091486658
0.75,0.25023786869647957,-85.99993525439743,TS-DPP adapted,2,2154.3251111111113,0.21274173138356742,0.537292275452742,651.3563106618425,,,,0.8859315589353612,0.03811944091486658
0.75,0.25023786869647957,-85.99993525439743,TS-DPP adapted,3,2064.8973333333333,0.2976498749354141,0.538319034696661,955.0523726577104,,,,0.8859315589353612,0.03811944091486658
0.75,0.25023786869647957,-85.99993525439743,TS-DPP adapted,4,2013.8755555555556,0.2129332971959651,0.46861326417037175,425.2475151115669,,,,0.8859315589353612,0.03811944091486658
0.75,0.25023786869647957,-85.99993525439743,FreshSky-B fitted-GE,0,1868.8342222222223,0.2012046574210029,0.34729705481518736,73.14913805148682,,,,0.8859315589353612,0.03811944091486658
0.75,0.25023786869647957,-85.99993525439743,FreshSky-B fitted-GE,1,2008.1964444444445,0.18774893010295726,0.35733601885632643,107.70266532097229,,,,0.8859315589353612,0.03811944091486658
0.75,0.25023786869647957,-85.99993525439743,FreshSky-B fitted-GE,2,1979.075111111111,0.20007859261321306,0.3698071521819341,90.74911307220704,,,,0.8859315589353612,0.03811944091486658
0.75,0.25023786869647957,-85.99993525439743,FreshSky-B fitted-GE,3,1906.2533333333333,0.2721431285749478,0.3957794357639868,109.10524693137208,,,,0.8859315589353612,0.03811944091486658
0.75,0.25023786869647957,-85.99993525439743,FreshSky-B fitted-GE,4,1912.3453333333334,0.20490514273629554,0.36810603304793504,79.62662518380559,,,,0.8859315589353612,0.03811944091486658
0.75,0.25023786869647957,-85.99993525439743,Wang'26 fitted-GE,0,1897.0362222222222,0.21020602290097967,0.4470336449159598,386.31325566044103,,,,0.8859315589353612,0.03811944091486658
0.75,0.25023786869647957,-85.99993525439743,Wang'26 fitted-GE,1,1995.9373333333333,0.20105171641388597,0.4985932270047877,530.2644064745037,,,,0.8859315589353612,0.03811944091486658
0.75,0.25023786869647957,-85.99993525439743,Wang'26 fitted-GE,2,1897.111777777778,0.2120421914336791,0.5212137036187444,558.0652366993663,,,,0.8859315589353612,0.03811944091486658
0.75,0.25023786869647957,-85.99993525439743,Wang'26 fitted-GE,3,1894.5406666666668,0.2930052945397223,0.5217630904795213,594.8559672680537,,,,0.8859315589353612,0.03811944091486658
0.75,0.25023786869647957,-85.99993525439743,Wang'26 fitted-GE,4,1947.3937777777778,0.22367100159096442,0.48321412834368543,440.06873259956,,,,0.8859315589353612,0.03811944091486658
0.75,0.25023786869647957,-85.99993525439743,Memoryless,0,2009.0266666666666,0.20183974191849616,0.3811362550279494,415.5895215745117,,,,0.8859315589353612,0.03811944091486658
0.75,0.25023786869647957,-85.99993525439743,Memoryless,1,2258.8035555555557,0.19139633334595796,0.4445675146204273,487.8017991509009,,,,0.8859315589353612,0.03811944091486658
0.75,0.25023786869647957,-85.99993525439743,Memoryless,2,2198.940666666667,0.20453039101212686,0.4158097327069827,191.83037690735375,,,,0.8859315589353612,0.03811944091486658
0.75,0.25023786869647957,-85.99993525439743,Memoryless,3,2090.1806666666666,0.2820711667137852,0.45641645076716697,436.7675335154243,,,,0.8859315589353612,0.03811944091486658
0.75,0.25023786869647957,-85.99993525439743,Memoryless,4,2110.753111111111,0.21457699030436392,0.4726391513196016,410.7837710001501,,,,0.8859315589353612,0.03811944091486658
