mean_dwell,extra_delay,seed,gain_vs_conservative_pct,gap_vs_true_aoi_pct
2.0,2,0,15.515755582892188,18.349679440765645
2.0,2,1,10.012762928601221,12.471048985372404
2.0,2,2,14.855886000084526,14.615118311536765
2.0,2,3,10.930768889142662,16.29498239172282
2.0,2,4,11.366035202070025,21.11025952302366
2.0,2,5,16.325646516781067,21.168932015090082
2.0,2,6,21.58159534209022,16.21010616641673
2.0,2,7,15.3787302789635,15.80963639434134
2.0,2,8,14.784719879510078,17.821648845915583
2.0,2,9,12.065652718740015,19.373851321376517
2.0,4,0,26.529793423115713,28.680536292186776
2.0,4,1,20.23946145237308,28.663436546286167
2.0,4,2,24.367847403505504,28.50905364614853
2.0,4,3,17.154191715663615,31.387755315860872
2.0,4,4,19.19016296554188,25.745233476634848
2.0,4,5,22.0745381036885,36.923305815295315
2.0,4,6,35.79355844383948,21.68219049430562
2.0,4,7,27.433148242150423,25.86024280353129
2.0,4,8,21.481211247359063,31.762029716466735
2.0,4,9,20.788289661057334,23.98241159724467
2.0,8,0,44.589716268204384,29.741832951666726
2.0,8,1,34.147613293665984,36.33109113862039
2.0,8,2,36.602052257050644,36.27210156085783
2.0,8,3,28.525913631467297,40.38118082217144
2.0,8,4,33.27169108333115,35.836434284291634
2.0,8,5,38.42440103834206,42.85033794498353
2.0,8,6,47.59995532066244,30.46227435528513
2.0,8,7,44.313331498516604,25.06472502504534
2.0,8,8,39.5318908913678,29.117091623449898
2.0,8,9,36.13807478165997,34.51444891543191
4.0,2,0,15.237584362027096,4.841271223175208
4.0,2,1,12.40841017916004,1.4757068084547342
4.0,2,2,17.15849157514588,1.0308587610482385
4.0,2,3,13.259745784598838,4.4544293738638565
4.0,2,4,11.964373855833466,8.325581252315995
4.0,2,5,20.56881111775987,8.453720735306945
4.0,2,6,25.11322085034515,1.6418725915771015
4.0,2,7,16.81651516225206,7.5184888613581
4.0,2,8,18.50558567804399,-1.0026937804521334
4.0,2,9,9.406762767587509,7.728972590865511
4.0,4,0,28.142838815343794,13.95705915181223
4.0,4,1,17.657035242820573,14.539517245955501
4.0,4,2,25.185611415608182,10.91963498348327
4.0,4,3,17.610618194092016,14.191173429292292
4.0,4,4,20.942303481730427,11.745467301548691
4.0,4,5,24.509033778476045,14.739304956687818
4.0,4,6,35.255325810234446,6.362693014809567
4.0,4,7,31.798271914439493,7.754205376456834
4.0,4,8,34.137591539748904,3.636090155409596
4.0,4,9,21.14893466196784,10.52748500656517
4.0,8,0,44.26749422180072,14.245352789952511
4.0,8,1,31.034675127841993,13.658232138003697
4.0,8,2,40.52689671222534,9.68201505337604
4.0,8,3,31.04415584415585,23.501514507081108
4.0,8,4,35.40196749099996,17.940596453316612
4.0,8,5,38.921727434793915,20.480511647647692
4.0,8,6,51.44316234030146,7.659999843282828
4.0,8,7,44.01126064458279,19.711036300632806
4.0,8,8,39.006463519163155,4.2624399345746715
4.0,8,9,36.557427368689616,12.189934666692988
8.0,2,0,17.555846184904627,0.31084666914907505
8.0,2,1,15.122224731314667,-8.919713353201336
8.0,2,2,16.567831905515792,-2.7452780869669047
8.0,2,3,10.709300330740358,0.9273040805642564
8.0,2,4,15.728243305321943,-8.094466746484489
8.0,2,5,15.064577881555083,-3.204324834703828
8.0,2,6,24.16325585038084,-3.370943869314924
8.0,2,7,18.900218014722345,-1.284850842372956
8.0,2,8,23.697569990235543,-4.888460170298133
8.0,2,9,13.358081065297386,-3.427204278090066
8.0,4,0,30.705518254042925,0.5168086050454624
8.0,4,1,23.11261445785986,-0.03545513411893696
8.0,4,2,25.433695528863066,-0.8051779870425209
8.0,4,3,23.91689414831377,-3.5970589335238787
8.0,4,4,23.335891365933765,-4.044459158451654
8.0,4,5,30.374570583062066,-2.097615886900363
8.0,4,6,32.94028128417159,2.078469976093378
8.0,4,7,29.575768006195688,-1.191436732530405
8.0,4,8,28.483475277161464,4.409260543611086
8.0,4,9,22.276633360129846,0.829925332818326
8.0,8,0,44.65500869355129,-0.016755918960800774
8.0,8,1,37.079777456341375,4.710306169371832
8.0,8,2,40.10753549218377,4.836570631233453
8.0,8,3,37.728675302505366,-0.886471446000311
8.0,8,4,39.79622467735188,-6.237820970253486
8.0,8,5,41.853215697154305,0.48894058592145734
8.0,8,6,46.89900207000958,1.722882795437992
8.0,8,7,42.93460625093666,3.9642290922746017
8.0,8,8,42.363113115716956,4.205468646616341
8.0,8,9,35.52884269500522,1.932735219220258
14.0,2,0,19.03083959600184,-2.30972068952502
14.0,2,1,14.581450940830749,-6.508689440852155
14.0,2,2,11.249528364148302,1.7148632997851365
14.0,2,3,13.176019981212416,-2.157552799168529
14.0,2,4,11.736432944571089,-3.7762166899934853
14.0,2,5,15.275130127378398,-3.750282741461209
14.0,2,6,19.94918900492448,-1.7978453546419713
14.0,2,7,18.27377490232948,-0.08520066965649135
14.0,2,8,13.491729403860882,-1.6863098426922531
14.0,2,9,15.012176281128076,2.863414511312727
14.0,4,0,28.522673320315445,-3.733071553701883
14.0,4,1,19.737982875783548,-1.925098551855334
14.0,4,2,27.571830731447285,-1.7121699988859902
14.0,4,3,21.627161781854394,0.12506173845045238
14.0,4,4,24.548049638168177,-5.355901288330274
14.0,4,5,27.90483325133802,-10.577271567362075
14.0,4,6,29.827441313516932,-2.191790489210902
14.0,4,7,25.512809714953317,-2.2035562073628685
14.0,4,8,28.962863515362965,-1.3340286352047792
14.0,4,9,25.07537694828364,-4.001330316646309
14.0,8,0,46.400356097626364,-4.896236965325308
14.0,8,1,35.30858689755262,-3.9491707412014025
14.0,8,2,36.75482627685363,-5.265224408572234
14.0,8,3,35.961733893896394,-2.309745713591536
14.0,8,4,35.490911896503135,-11.601307453290836
14.0,8,5,40.020055315329714,-6.696212899925293
14.0,8,6,46.72255024499324,-6.708006868672601
14.0,8,7,41.33566631701387,-0.5937947172185997
14.0,8,8,42.77281206779616,-2.5778116562537816
14.0,8,9,37.33403569854298,-3.471944368868333
